Rank,Player,Team,Assists,Secondary Assists,Minutes,Matches,Country
1,Alejandro Grimaldo,Bayer 04 Leverkusen,13,11.1,2785,33,ESP
2,Florian Wirtz,Bayer 04 Leverkusen,11,9.7,2377,32,GER
3,Leroy Sané,Bayern München,11,9.5,2142,27,GER
4,Xavi Simons,RB Leipzig,11,9,2673,32,NED
5,Julian Brandt,Borussia Dortmund,11,7.5,2230,32,GER
6,Jan-Niklas Beste,1. FC Heidenheim 1846,11,6.3,2618,31,GER
7,Kevin Stöger,VfL Bochum,9,9.8,2678,32,AUT
8,Franck Honorat,Borussia Mönchengladbach,9,9.4,2358,32,FRA
9,Thomas Müller,Bayern München,9,7.9,1659,31,GER
10,Marvin Ducksch,SV Werder Bremen,9,6.5,2710,33,GER
11,Deniz Undav,VfB Stuttgart,9,6.1,2096,30,GER
12,Ermedin Demirovic,FC Augsburg,9,3.7,2879,33,BIH
13,David Raum,RB Leipzig,8,10.7,2743,31,GER
14,Vincenzo Grifo,SC Freiburg,8,7.5,2344,32,ITA
15,Harry Kane,Bayern München,8,5.9,2843,32,ENG
16,Niclas Füllkrug,Borussia Dortmund,8,3.7,2405,31,GER
17,Victor Okoh Boniface,Bayer 04 Leverkusen,8,3.3,1553,23,NGA
18,Chris Führich,VfB Stuttgart,7,9.2,2594,34,GER
19,Jonas Hofmann,Bayer 04 Leverkusen,7,8.3,2214,32,GER
20,Mitchell Weiser,SV Werder Bremen,7,5.8,2639,30,GER
21,Jeremie Frimpong,Bayer 04 Leverkusen,7,5.4,2263,31,NED
22,Leon Goretzka,Bayern München,7,4.7,2242,30,GER
23,Ikoma Lois Openda,RB Leipzig,7,4.6,2716,34,BEL
24,Jonas Wind,VfL Wolfsburg,7,3.9,2660,34,DEN
25,Joshua Kimmich,Bayern München,6,9.3,2185,28,GER
26,Andrej Kramaric,TSG Hoffenheim,6,7,2206,30,CRO
27,Romano Schmid,SV Werder Bremen,6,6.7,2614,33,AUT
28,Jamal Musiala,Bayern München,6,5.8,1766,24,GER
29,Omar Marmoush,Eintracht Frankfurt,6,4.4,2310,29,EGY
30,Marco Reus,Borussia Dortmund,6,3.7,1612,26,GER
31,Florian Grillitsch,TSG Hoffenheim,6,1.9,2297,30,AUT
32,Benjamin Henrichs,RB Leipzig,5,6,2531,33,GER
33,Angelo Stiller,VfB Stuttgart,5,5.5,2780,32,GER
34,Lovro Majer,VfL Wolfsburg,5,4.9,2116,32,CRO
35,Exequiel Palacios,Bayer 04 Leverkusen,5,4.1,1840,24,ARG
36,Dani Olmo,RB Leipzig,5,3.7,1454,21,ESP
37,Alphonso Davies,Bayern München,5,3.3,2067,29,CAN
38,Xaver Schlager,RB Leipzig,5,3.1,2482,29,AUT
39,Ihlas Bebou,TSG Hoffenheim,5,3,1628,32,TOG
39,Mathys Tel,Bayern München,5,3,1031,30,FRA
41,Pascal Stenzel,VfB Stuttgart,5,2.4,1068,23,GER
42,Grischa Prömel,TSG Hoffenheim,5,2.2,2146,28,GER
43,Maximilian Mittelstaedt,VfB Stuttgart,4,6.7,2104,31,GER
44,Fares Chaibi,Eintracht Frankfurt,4,6.1,1920,28,ALG
45,Pavel Kaderabek,TSG Hoffenheim,4,5.4,2419,29,CZE
46,Enzo Millot,VfB Stuttgart,4,5.3,2254,31,FRA
47,Florian Kainz,FC Köln,4,4.5,2210,33,AUT
48,Fredrik Jensen,FC Augsburg,4,4.3,1350,22,FIN
48,Marius Bülter,TSG Hoffenheim,4,4.3,1346,30,GER
48,Nadiem Amiri,1. FSV Mainz 05,4,4.3,1401,23,GER
51,Alassane Plea,Borussia Mönchengladbach,4,4.1,1925,27,FRA
52,Eren Dinkci,1. FC Heidenheim 1846,4,3.7,2672,33,TUR
53,Phillip Tietz,FC Augsburg,4,3.4,2405,34,GER
54,Ruben Vargas,FC Augsburg,4,3.2,1978,31,SUI
55,Jamie Leweling,VfB Stuttgart,4,3.1,1519,34,GER
55,Luca Netz,Borussia Mönchengladbach,4,3.1,2231,30,GER
57,Jamie Bynoe-Gittens,Borussia Dortmund,4,3,1059,25,ENG
58,Amine Adli,Bayer 04 Leverkusen,4,2.9,890,23,MAR
59,Arne Maier,FC Augsburg,4,2.8,998,22,GER
60,Atakan Karazor,VfB Stuttgart,4,2.5,2630,33,GER
61,Kevin Volland,1. FC Union Berlin,4,2.3,1346,26,GER
62,Robert Skov,TSG Hoffenheim,4,1.8,1261,25,DEN
63,Joseph Scally,Borussia Mönchengladbach,4,1.5,2236,31,USA
64,Michael Gregoritsch,SC Freiburg,4,1.3,1684,32,AUT
65,Joakim Mæhle,VfL Wolfsburg,3,5.2,2454,30,DEN
66,Brajan Gruda,1. FSV Mainz 05,3,5.1,1651,28,GER
67,Kingsley Coman,Bayern München,3,4.5,1123,17,FRA
67,Konrad Laimer,Bayern München,3,4.5,1770,29,AUT
69,Eric Ebimbe,Eintracht Frankfurt,3,3.7,1967,31,FRA
70,Anthony Caci,1. FSV Mainz 05,3,3.5,2493,31,FRA
71,Linton Maina,FC Köln,3,3.3,1904,31,GER
71,Robin Gosens,1. FC Union Berlin,3,3.3,2297,30,GER
73,Marcel Sabitzer,Borussia Dortmund,3,3,1964,25,AUT
74,Mohamed Simakan,RB Leipzig,3,2.9,2139,32,FRA
75,Wout Weghorst,TSG Hoffenheim,3,2.8,1987,28,NED
76,Anton Stach,TSG Hoffenheim,3,2.7,2497,33,GER
77,Rocco Reitz,Borussia Mönchengladbach,3,2.6,2141,34,GER
78,Mattias Svanberg,VfL Wolfsburg,3,2.5,1725,25,SWE
78,Silvan Widmer,1. FSV Mainz 05,3,2.5,1243,20,SUI
80,Noussair Mazraoui,Bayern München,3,2.4,1197,19,MAR
81,Jae-Sung Lee,1. FSV Mainz 05,3,2.2,2124,29,KOR
82,Merlin Röhl,SC Freiburg,3,2.1,1483,24,GER
83,Tim Kleindienst,1. FC Heidenheim 1846,3,2,2874,33,GER
84,Jordan Pefok,Borussia Mönchengladbach,3,1.9,1450,26,USA
85,Aissa Laidouni,1. FC Union Berlin,3,1.6,1064,23,TUN
85,Woo-Yeong Jeong,VfB Stuttgart,3,1.6,618,26,KOR
87,Marvin Pieringer,1. FC Heidenheim 1846,3,1.5,1520,31,GER
87,Waldemar Anton,VfB Stuttgart,3,1.5,2888,33,GER
89,Julian Weigl,Borussia Mönchengladbach,3,1.4,2766,31,GER
90,Karim Onisiwo,1. FSV Mainz 05,3,1.3,1496,24,AUT
91,Adam Hlozek,Bayer 04 Leverkusen,3,1.2,451,23,CZE
91,Senne Lynen,SV Werder Bremen,3,1.2,1791,32,BEL
93,Maximilian Wöber,Borussia Mönchengladbach,3,1.1,2070,25,AUT
94,Luca Pfeiffer,SV Darmstadt,3,1,1625,24,GER
95,Denis Huseinbasic,FC Köln,3,0.7,1627,26,BIH
96,Serhou Guirassy,VfB Stuttgart,2,5.4,2212,28,GUI
97,Ritsu Doan,SC Freiburg,2,4.2,2253,30,JPN
98,Kevin Mbabu,FC Augsburg,2,3.9,2048,25,SUI
99,Mario Götze,Eintracht Frankfurt,2,3.8,2075,30,GER
100,Christopher Trimmel,1. FC Union Berlin,2,3.7,1653,26,AUT
101,Julian Justvan,SV Darmstadt,2,3.6,1069,18,GER
102,Matthias Bader,SV Darmstadt,2,3.5,1807,24,GER
103,Jadon Sancho,Borussia Dortmund,2,3.3,954,14,ENG
104,Christopher Antwi-Adjej,VfL Bochum,2,3,1216,25,GHA
104,Josip Juranovic,1. FC Union Berlin,2,3,1290,21,CRO
106,Nathan N'Goumou,Borussia Mönchengladbach,2,2.9,1381,32,FRA
106,Nathan Tella,Bayer 04 Leverkusen,2,2.9,812,24,NGA
108,Ansgar Knauff,Eintracht Frankfurt,2,2.7,2117,31,GER
108,Leonardo Bittencourt,SV Werder Bremen,2,2.7,1585,29,GER
110,Florian Neuhaus,Borussia Mönchengladbach,2,2.6,1226,25,GER
110,Philipp Mwene,1. FSV Mainz 05,2,2.6,2003,23,AUT
112,Tobias Kempe,SV Darmstadt,2,2.5,1351,24,GER
113,Hiroki Ito,VfB Stuttgart,2,2.4,2231,26,JPN
113,Philipp Max,Eintracht Frankfurt,2,2.4,1357,23,GER
115,Yussuf Poulsen,RB Leipzig,2,2.3,1209,28,DEN
116,Justin Njinmah,SV Werder Bremen,2,2.2,1012,24,GER
116,Robert Andrich,Bayer 04 Leverkusen,2,2.2,1681,28,GER
118,Brenden Aaronson,1. FC Union Berlin,2,2,1263,30,USA
118,Dejan Ljubicic,FC Köln,2,2,2055,26,AUT
118,Lucas Höler,SC Freiburg,2,2,2309,33,GER
118,Niels Nkounkou,Eintracht Frankfurt,2,2,1301,29,FRA
118,Robin Hack,Borussia Mönchengladbach,2,2,1345,29,GER
118,Tuta,Eintracht Frankfurt,2,2,2605,30,BRA
118,Umut Tohumcu,TSG Hoffenheim,2,2,1012,20,GER
125,Christian Günter,SC Freiburg,2,1.9,1064,15,GER
125,Edimilson Fernandes,1. FSV Mainz 05,2,1.9,1284,21,SUI
127,Aleksandar Pavlovic,Bayern München,2,1.8,1228,19,GER
127,Arne Engels,FC Augsburg,2,1.8,1398,32,BEL
127,Noah Weisshaupt,SC Freiburg,2,1.8,744,24,GER
127,Omar Traoré,1. FC Heidenheim 1846,2,1.8,2474,31,GER
131,Ian Maatsen,Borussia Dortmund,2,1.7,1269,16,NED
131,Jakub Kaminski,VfL Wolfsburg,2,1.7,465,17,POL
131,Silas Katompa Mvumpa,VfB Stuttgart,2,1.7,890,27,COD
134,Willian Pacho,Eintracht Frankfurt,2,1.6,2970,33,ECU
135,Hugo Ekitike,Eintracht Frankfurt,2,1.5,717,14,FRA
135,Marvin Mehlem,SV Darmstadt,2,1.5,1491,20,GER
135,Matthias Ginter,SC Freiburg,2,1.5,1918,23,GER
138,Eric Maxim Choupo-Moting,Bayern München,2,1.4,703,27,CMR
138,Fabian Holland,SV Darmstadt,2,1.4,1847,23,GER
138,Jan Schöppner,1. FC Heidenheim 1846,2,1.4,2000,26,GER
138,Josha Vagnoman,VfB Stuttgart,2,1.4,1181,18,GER
142,Benjamin Sesko,RB Leipzig,2,1.3,1528,31,SVN
142,Emre Can,Borussia Dortmund,2,1.3,1956,25,GER
142,Philipp Hofmann,VfL Bochum,2,1.3,1576,29,GER
145,Anthony Rouault,VfB Stuttgart,2,1.2,1008,22,FRA
145,Felix Nmecha,Borussia Dortmund,2,1.2,1016,20,GER
145,Felix Passlack,VfL Bochum,2,1.2,966,15,GER
148,Sargis Adamyan,FC Köln,2,1.1,797,20,ARM
149,András Schäfer,1. FC Union Berlin,2,1,1218,20,HUN
149,Anthony Losilla,VfL Bochum,2,1,2586,31,FRA
149,Christoph Klarer,SV Darmstadt,2,1,2356,30,AUT
149,Jonathan Burkardt,1. FSV Mainz 05,2,1,1541,21,GER
153,Moritz Broschinski,VfL Bochum,2,0.9,1242,26,GER
153,Piero Hincapié,Bayer 04 Leverkusen,2,0.9,1484,26,ECU
155,Tom Bischof,TSG Hoffenheim,2,0.8,169,13,GER
155,Tom Krauss,1. FSV Mainz 05,2,0.8,1339,29,GER
157,Yorbe Vertessen,1. FC Union Berlin,2,0.7,593,13,BEL
158,Arthur,Bayer 04 Leverkusen,2,0.4,184,4,BRA
158,Nicolas Seiwald,RB Leipzig,2,0.4,708,21,AUT
160,Maximilian Arnold,VfL Wolfsburg,1,4.4,2503,30,GER
161,Donyell Malen,Borussia Dortmund,1,3.4,1783,27,NED
162,Maximilian Beier,TSG Hoffenheim,1,3,2431,33,GER
163,Iago,FC Augsburg,1,2.9,1622,23,BRA
164,Julian Ryerson,Borussia Dortmund,1,2.8,1772,21,NOR
165,Maximilian Wittek,VfL Bochum,1,2.7,1067,21,GER
166,Fabian Nürnberg,SV Darmstadt,1,2.6,1519,21,GER
167,Maximilian Eggestein,SC Freiburg,1,2.4,2918,33,GER
168,Marius Wolf,Borussia Dortmund,1,2.3,1161,22,GER
169,Mads Valentin Pedersen,FC Augsburg,1,2.1,1783,27,DEN
169,Nico Schlotterbeck,Borussia Dortmund,1,2.1,2861,33,GER
171,Kevin Behrens,VfL Wolfsburg,1,2,1880,31,GER
171,Serge Gnabry,Bayern München,1,2,433,10,GER
173,Ellyes Skhiri,Eintracht Frankfurt,1,1.9,2169,27,TUN
173,Matus Bero,VfL Bochum,1,1.9,1665,24,SVK
175,Jens Stage,SV Werder Bremen,1,1.8,2334,30,DEN
175,Yannick Gerhardt,VfL Wolfsburg,1,1.8,1635,25,GER
177,Aurelio Buta,Eintracht Frankfurt,1,1.7,1744,30,POR
177,Josip Stanisic,Bayer 04 Leverkusen,1,1.7,1257,20,CRO
177,Ozan Kabak,TSG Hoffenheim,1,1.7,2290,28,TUR
180,Amadou Haidara,RB Leipzig,1,1.6,1537,21,MLI
180,Christoph Baumgartner,RB Leipzig,1,1.6,1149,32,AUT
180,Karim Adeyemi,Borussia Dortmund,1,1.6,911,21,GER
180,Kilian Sildillia,SC Freiburg,1,1.6,1804,27,FRA
180,Sheraldo Becker,1. FC Union Berlin,1,1.6,649,11,SUR
185,Hugo Larsson,Eintracht Frankfurt,1,1.5,1885,29,SWE
185,Norman Theuerkauf,1. FC Heidenheim 1846,1,1.5,1257,25,GER
187,Edmond Tapsoba,Bayer 04 Leverkusen,1,1.4,2084,28,BFA
188,Danny da Costa,1. FSV Mainz 05,1,1.3,826,19,GER
188,Lennard Maloney,1. FC Heidenheim 1846,1,1.3,2292,29,USA
188,Maxence Lacroix,VfL Wolfsburg,1,1.3,2364,28,FRA
188,Olivier Deman,SV Werder Bremen,1,1.3,1359,29,BEL
192,Janik Haberer,1. FC Union Berlin,1,1.2,1223,21,GER
192,Lukas Daschner,VfL Bochum,1,1.2,525,20,GER
194,Benedikt Gimber,1. FC Heidenheim 1846,1,1.1,2026,24,GER
194,Benno Schmitz,FC Köln,1,1.1,1154,22,GER
194,Florian Pick,1. FC Heidenheim 1846,1,1.1,315,22,GER
194,Keven Schlotterbeck,VfL Bochum,1,1.1,2184,27,GER
194,Leandro Barreiro,1. FSV Mainz 05,1,1.1,2606,31,LUX
194,Stefan Lainer,Borussia Mönchengladbach,1,1.1,749,15,AUT
200,Cristian Gamboa,VfL Bochum,1,0.9,1187,22,CRC
200,Jonathan Tah,Bayer 04 Leverkusen,1,0.9,2632,31,GER
200,Kristijan Jakic,FC Augsburg,1,0.9,1253,18,CRO
200,Milos Veljkovic,SV Werder Bremen,1,0.9,1921,23,SRB
200,Sebastien Haller,Borussia Dortmund,1,0.9,389,14,CIV
200,Takuma Asano,VfL Bochum,1,0.9,2003,29,JPN
200,Tiago Tomás,VfL Wolfsburg,1,0.9,1029,26,POR
207,David Jurasek,TSG Hoffenheim,1,0.8,490,13,CZE
207,Eric Martel,FC Köln,1,0.8,2464,30,GER
207,Nikola Dovedan,1. FC Heidenheim 1846,1,0.8,646,21,AUT
207,Stefan Schimmer,1. FC Heidenheim 1846,1,0.8,141,16,GER
207,Sven Michel,FC Augsburg,1,0.8,574,22,GER
207,Tomas Cvancara,Borussia Mönchengladbach,1,0.8,892,21,CZE
213,Mark Uth,FC Köln,1,0.7,369,11,GER
213,Mathias Honsak,SV Darmstadt,1,0.7,1013,23,AUT
213,Nicolas Höfler,SC Freiburg,1,0.7,2332,28,GER
213,Patrick Osterhage,VfL Bochum,1,0.7,1863,24,GER
217,Adrian Beck,1. FC Heidenheim 1846,1,0.6,971,23,GER
217,Goncalo Paciencia,VfL Bochum,1,0.6,645,19,POR
217,Jérôme Roussillon,1. FC Union Berlin,1,0.6,743,23,FRA
217,Oscar Vilhelmsson,SV Darmstadt,1,0.6,1375,26,SWE
217,Patric Pfeiffer,FC Augsburg,1,0.6,509,11,GER
222,Min-Jae Kim,Bayern München,1,0.5,1970,25,KOR
222,Moritz Jenz,VfL Wolfsburg,1,0.5,1745,22,GER
222,Noah Mbamba,Bayer 04 Leverkusen,1,0.5,14,3,BEL
222,Sebastian Polter,SV Darmstadt,1,0.5,444,9,GER
226,Christian KÃ¼hlwetter,1. FC Heidenheim 1846,1,0.4,7,1,GER
226,Emil Forsberg,RB Leipzig,1,0.4,460,14,SWE
226,Nico Elvedi,Borussia Mönchengladbach,1,0.4,2485,30,SUI
229,Bartol Franjic,SV Darmstadt,1,0.3,1232,20,CRO
229,Christian Gross,SV Werder Bremen,1,0.3,792,20,GER
231,Josuha Guilavogui,1. FSV Mainz 05,1,0.2,407,11,FRA
231,Kjell WÃ¤tjen,Borussia Dortmund,1,0.2,104,2,GER
233,Moritz-Broni Kwarteng,VfL Bochum,1,0.1,275,11,GER
233,Oliver Baumann,TSG Hoffenheim,1,0.1,3060,34,GER
233,Paxten Aaronson,Eintracht Frankfurt,1,0.1,95,7,USA
233,Sasa Kalajdzic,Eintracht Frankfurt,1,0.1,329,5,AUT
233,Timothy Chandler,Eintracht Frankfurt,1,0.1,16,6,USA
238,Anwar El-Ghazi,1. FSV Mainz 05,1,0,51,3,NED
238,Jens Grahl,Eintracht Frankfurt,1,0,180,2,GER
238,Jonas Omlin,Borussia Mönchengladbach,1,0,630,7,SUI
